Date,Open,High,Low,Close,Adj Close,Volume
12/28/2017,321.75,327.75,321.75,326,287.054138,225484
12/29/2017,328.5,332,328.5,331.75,292.117218,119323
1/2/2018,333,342,330,342,301.142731,462504
1/3/2018,340,355,339,352,309.948059,399462
1/4/2018,356,356,347,350,308.187012,747238
1/5/2018,348,354,348,349,307.306458,1243363
1/8/2018,354,354,350,351,309.067535,1047060
1/9/2018,353,354,350,352,309.948059,713184
1/10/2018,355,355,352,354,311.709106,622502
1/11/2018,354,357,352,352,309.948059,337677
1/12/2018,354,354,352,353,310.828583,1321377
1/15/2018,353,357,353,356,313.470184,416267
1/16/2018,356,356,353,354,311.709106,258307
1/17/2018,354,354,348,350,308.187012,377230
1/18/2018,350,351,349,350,308.187012,294350
1/19/2018,351,354,350,353,310.828583,365307
1/22/2018,355,364,354,363,319.633942,1644805
1/23/2018,364,368,364,367,323.156097,1032955
1/24/2018,366,368,364,364,320.514465,625138
1/25/2018,366,368,366,367,323.156097,391701
1/26/2018,368,368,366,367,323.156097,455341
1/29/2018,367,370,366,366,322.275543,267890
1/30/2018,367,367,362,362,318.753418,317417
1/31/2018,365,365,362,364,320.514465,179512
2/1/2018,364,365,363,364,320.514465,538855
2/2/2018,365,365,358,360,316.992371,387488
2/5/2018,357,357,325,349,307.306458,955207
2/6/2018,333,335,324,332,292.337372,1192507
2/7/2018,338,350,338,347,305.54538,743094
2/8/2018,344,344,339,340,299.381622,722388
2/9/2018,333,336,327,334,294.09845,374984
2/12/2018,339,343,331,335,294.978973,830322
2/13/2018,335,340,335,338,297.620605,201668
2/14/2018,339,342,336,340,299.381622,296188
2/15/2018,340,346,340,345,303.784332,301189
2/16/2018,353,353,349,350,308.187012,280925
2/19/2018,347,351,320,340,299.381622,431368
2/20/2018,340,347,340,342,301.142731,910941
2/21/2018,345,349,344,346,304.664886,707537
2/22/2018,345,350,345,350,308.187012,145278
2/23/2018,350,357,350,355,312.589691,233578
2/26/2018,358,359,356,358,315.231232,444559
2/27/2018,359,359,356,357,314.350769,516954
2/28/2018,352,358,352,358,315.231232,663694
3/1/2018,354,361,354,360,316.992371,1439553
3/2/2018,354,361,354,361,317.872864,4163225
3/5/2018,361,361,351,355,312.589691,628575
3/6/2018,355,363,355,358,315.231232,361337
3/7/2018,358,360,356,358,315.231232,191037
3/8/2018,357,358,355,358,315.231232,234191
3/9/2018,358,359,356,357,314.350769,908518
3/12/2018,358,361,351,358,315.231232,329560
3/13/2018,358,358,354,355,312.589691,497309
3/14/2018,354,357,353,356,313.470184,344821
3/15/2018,356,356,350,354,311.709106,280248
3/16/2018,355,361,355,360,316.992371,654870
3/19/2018,361,362,356,358,315.231232,410620
3/20/2018,359,360,356,358,315.231232,104186
3/21/2018,361,361,357,360,316.992371,173815
3/22/2018,359,361,356,360,316.992371,225301
3/23/2018,355,356,347,348,306.425934,386686
3/26/2018,348,352,348,350,308.187012,378318
3/27/2018,353,355,348,348,306.425934,267115
3/28/2018,348,350,344,349,307.306458,722072
3/29/2018,350,350,349,349,307.306458,250854
4/3/2018,349,353,349,351,309.067535,195155
4/4/2018,349,350,347,349,307.306458,350325
4/5/2018,346,350,346,347,309.00061,208309
4/6/2018,347,349,344,348,309.891113,699929
4/9/2018,348,350,345,346,308.110168,322087
4/10/2018,346,351,346,350,311.672089,232596
4/11/2018,350,350,346,346,308.110168,270848
4/12/2018,346,347,344,344,306.329132,266011
4/13/2018,347,347,344,346,308.110168,280548
4/16/2018,342,346,342,344,306.329132,173217
4/17/2018,344,344,340,340,302.767151,301783
4/18/2018,346,346,340,343,305.438629,350512
4/19/2018,340,343,338,340,302.767151,736349
4/20/2018,340,342,339,340,302.767151,380368
4/23/2018,340,340,336,340,302.767151,207184
4/24/2018,338,344,338,340,302.767151,165568
4/25/2018,337,340,337,337,300.095703,46530
4/26/2018,335,335,329,332,295.643219,202550
4/27/2018,335,338,329,338,300.986206,416009
4/30/2018,335,340,335,340,302.767151,508729
5/1/2018,340,345,339,344,306.329132,273909
5/2/2018,345,345,342,345,307.219635,194199
5/3/2018,343,343,337,341,303.657654,606812
5/4/2018,340,342,338,342,304.548187,164595
5/8/2018,344,347,337,344,306.329132,285685
5/9/2018,343,349,342,349,310.781616,328801
5/10/2018,349,349,345,347,309.00061,142725
5/11/2018,349,349,344,344,306.329132,226380
5/14/2018,342,349,342,349,310.781616,155041
5/15/2018,349,349,346,349,310.781616,106338
5/16/2018,344,347,344,345,307.219635,464304
5/17/2018,342,344,342,342,304.548187,239394
5/18/2018,342,344,341,342.5,304.993408,721417
5/21/2018,345,345,341,341,303.657654,480710
5/22/2018,340,340,330,330,293.862244,341251
5/23/2018,329,336,326,331,294.752777,1071012
5/24/2018,334,334,331,332,295.643219,253892
5/25/2018,331,333,328,330,293.862244,273901
5/29/2018,326,327,322,323,287.628815,247809
5/30/2018,326,326,321,322,286.738312,591584
5/31/2018,327,327,321,324,288.519318,327954
6/1/2018,327,334,324,333,296.533722,1354844
6/4/2018,333,338,333,338,300.986206,881897
6/5/2018,336,340,336,336,299.2052,280047
6/6/2018,336,349,336,346,308.110168,219118
6/7/2018,343,349,343,346,308.110168,92407
6/8/2018,345,348,345,348,309.891113,450003
6/11/2018,348,350,345,346,308.110168,97146
6/12/2018,346,346,340,346,308.110168,190245
6/13/2018,341,346,341,345,307.219635,146881
6/14/2018,342,343,341,342,304.548187,759371
6/15/2018,341,346,341,343,305.438629,824529
6/18/2018,345,346,340,340,302.767151,101779
6/19/2018,339,339,323,330,293.862244,673520
6/20/2018,330,334,325,325,289.40979,221969
6/21/2018,327,330,323,323,287.628815,204664
6/22/2018,328,329,326,326,290.300293,653204
6/25/2018,330,330,325,327,291.190857,915456
6/26/2018,329,330,327,330,293.862244,139161
6/27/2018,329,330,326,326,290.300293,87668
6/28/2018,326,327,323,323,287.628815,287070
6/29/2018,324,329,324,326,290.300293,624443
7/2/2018,325,328,319,319,284.066864,246263
7/3/2018,315,315,306,310,276.052429,633283
7/4/2018,317,317,311,311,276.942932,137653
7/5/2018,310,310,306,306,272.490479,200871
7/6/2018,310,314,310,310,276.052429,849053
7/9/2018,312,315,309,309,275.161987,366434
7/10/2018,310,312,309,312,277.833405,224517
7/11/2018,309,310,307,310,276.052429,222109
7/12/2018,310,317,310,312,277.833405,58094
7/13/2018,315,316,310,310,276.052429,65219
7/16/2018,311,319,311,319,284.066864,121906
7/17/2018,320,320,315,317,282.285919,227508
7/18/2018,317,320,317,319,284.066864,476497
7/19/2018,320,322,318,322,286.738312,384624
7/20/2018,321,323,318,322,286.738312,366458
7/23/2018,320,325,320,323,287.628815,209260
7/24/2018,321,325,318,322,286.738312,124188
7/25/2018,322,325,320,324,288.519318,122783
7/26/2018,325,325,321,323,287.628815,282061
7/27/2018,325,326,323,326,290.300293,505586
7/30/2018,324,326,318,322,286.738312,337013
7/31/2018,320,322,319,320,284.957336,130744
8/1/2018,319,325,319,323,287.628815,446092
8/2/2018,320,321,319,321,285.84787,1174462
8/3/2018,319,320,318,318,283.1763,61043
8/6/2018,318,323,318,318,283.1763,181972
8/7/2018,319,322,319,319,284.066864,90064
8/8/2018,321,324,319,320,284.957336,114819
8/9/2018,321,325,320,323,287.628815,112216
8/10/2018,323,327,323,327,291.190857,685749
8/13/2018,324,327,323,326,290.300293,1601946
8/14/2018,326,330,322,325,289.40979,765512
8/15/2018,324,325,320,325,289.40979,731297
8/16/2018,324,326,320,326,290.300293,693765
8/17/2018,322,325,321,323,287.628815,660598
8/20/2018,325,325,320,322,286.738312,156220
8/21/2018,322,323,315,320,284.957336,1091904
8/22/2018,323,324,320,320,284.957336,111908
8/23/2018,320,323,318,323,287.628815,985373
8/24/2018,324,330,324,330,293.862244,164435
8/28/2018,332,337,332,334,297.424225,422796
8/29/2018,334,336,333,334,297.424225,456500
8/30/2018,334,338,334,337,300.095703,152236
8/31/2018,334,343,334,340,302.767151,294125
9/3/2018,342,345,340,344,306.329132,65358
9/4/2018,344,345,341,343,305.438629,117900
9/5/2018,341,341,338,339,301.876678,574897
9/6/2018,341,341,337,339,301.876678,239315
9/7/2018,339,339,337,339,301.876678,267072
9/10/2018,338,341,337,338,300.986206,173694
9/11/2018,339,339,337,338,300.986206,382160
9/12/2018,338,340,338,340,302.767151,158347
9/13/2018,342,342,338,338,300.986206,497115
9/14/2018,338,340,338,338,300.986206,97174
9/17/2018,340,340,338,340,302.767151,61501
9/18/2018,340,340,338,339,301.876678,97265
9/19/2018,340,340,338,340,302.767151,628334
9/20/2018,340,342,339,342,304.548187,161652
9/21/2018,340,345,335,345,307.219635,738276
9/24/2018,344,350,339,349,310.781616,218173
9/25/2018,350,350,343,347,309.00061,112510
9/26/2018,349,349,344,344,306.329132,119662
9/27/2018,344,348,344,344,306.329132,311861
9/28/2018,349,350,345,350,311.672089,244721
10/1/2018,351,352,348,349,310.781616,401108
10/2/2018,354,354,349,350,311.672089,291592
10/3/2018,349,353,349,350,311.672089,294883
10/4/2018,351,352,348,348,309.891113,559713
10/5/2018,349,349,339,347,309.00061,356637
10/8/2018,344,350,343,348,309.891113,415478
10/9/2018,346,350,346,350,311.672089,175902
10/10/2018,346,347,340,340,302.767151,592952
10/11/2018,330,330,316,318,283.1763,939790
10/12/2018,322,329,321,327,291.190857,384384
10/15/2018,320,330,320,326,290.300293,312194
10/16/2018,325,330,322,330,293.862244,121174
10/17/2018,327,332,325,327,291.190857,171645
10/18/2018,326,331,318,328,292.081329,340563
10/19/2018,322,328,320,322,286.738312,126308
10/22/2018,324,330,324,325,289.40979,77353
10/23/2018,324,325,319,322,286.738312,528055
10/24/2018,322,325,318,324,288.519318,68250
10/25/2018,324,331,317,328,292.081329,267211
10/26/2018,330,330,319,319,284.066864,96718
10/29/2018,326,330,322,328,292.081329,181778
10/30/2018,328,331,327,330,293.862244,238288
10/31/2018,332,335,330,335,298.314728,235007
11/1/2018,335,335,331,335,302.145538,199240
11/2/2018,335,338,332,334,301.243652,300863
11/5/2018,334,340,334,337,303.949432,136426
11/6/2018,334,339,334,335,302.145538,767352
11/7/2018,338,338,330,334,301.243652,82943
11/8/2018,333,335,333,334,301.243652,77126
11/9/2018,332,333,324,331,298.537903,396761
11/12/2018,335,335,330,331,298.537903,252186
11/13/2018,329,332,328,330,297.635956,280283
11/14/2018,335,335,325,325,293.126282,388011
11/15/2018,330,330,324,328,295.832123,108581
11/16/2018,325,328,325,327,294.930176,285771
11/19/2018,328,334,328,333,300.341736,108926
11/20/2018,331,333,326,330,297.635956,746748
11/21/2018,332,332,314,329,296.733978,598531
11/22/2018,328,331,328,331,298.537903,28769
11/23/2018,333,335,331,332,299.439789,132111
11/26/2018,330,335,330,334,301.243652,207020
11/27/2018,335,336,334,334,301.243652,109461
11/28/2018,336,336,334,335,302.145538,155668
11/29/2018,335,335,331,334,301.243652,713046
11/30/2018,332,337,332,336,303.047516,2118463
12/3/2018,339,342,339,341,307.557129,244381
12/4/2018,342,342,338,341,307.557129,504875
12/5/2018,336,341,336,340,306.655212,236763
12/6/2018,333,338,333,334,301.243652,2037168
12/7/2018,334,340,334,340,306.655212,232984
12/10/2018,338,340,334,335,302.145538,412169
12/11/2018,337,337,333,333,300.341736,1377235
12/12/2018,338,338,335,338,304.851349,1452497
12/13/2018,338,342,336,340,306.655212,257440
12/14/2018,335,345,335,340,306.655212,263334
12/17/2018,345,345,337,337,303.949432,96378
12/18/2018,335,339,335,336,303.047516,131165
12/19/2018,334,335,329,330,297.635956,929331
12/20/2018,330,334,327,330,297.635956,1201414
12/21/2018,328,335,328,332,299.439789,500093
12/24/2018,331,331,327,327,294.930176,31449
12/27/2018,332,333,327,327,294.930176,95865
12/28/2018,327,334,327,334,301.243652,370428
12/31/2018,334,335,327,334,301.243652,156082
1/2/2019,335,335,333,335,302.145538,245241
1/3/2019,330,334,330,333,300.341736,313440
1/4/2019,334,335,329,335,302.145538,278329
1/7/2019,335,335,332,332,299.439789,215967
1/8/2019,331,332,330,330,297.635956,947126
1/9/2019,330,332,330,332,299.439789,324885
1/10/2019,335,335,328,331,298.537903,160940
1/11/2019,332,335,331,333,300.341736,1067157
1/14/2019,335,335,328,332,299.439789,144894
1/15/2019,329,335,328,334,301.243652,238488
1/16/2019,334,334,330,331,298.537903,126446
1/17/2019,330,333,330,331,298.537903,128687
1/18/2019,332,332,325,330,297.635956,296206
1/21/2019,330,330,325,330,297.635956,318544
1/22/2019,329,330,326,329,296.733978,146656
1/23/2019,330,330,325,327,294.930176,228336
1/24/2019,328,328,325,326,294.028229,178565
1/25/2019,326,327,324,326,294.028229,217156
1/28/2019,330,330,323,323,291.322388,66964
1/29/2019,326,326,323,325,293.126282,107605
1/30/2019,327,327,325,327,294.930176,1886880
1/31/2019,327,327,322,323,291.322388,126592
2/1/2019,327,327,323,325,293.126282,276887
2/4/2019,323,327,323,324,292.224335,108716
2/5/2019,324,327,324,326,294.028229,185710
2/6/2019,327,329,324,326,294.028229,196376
2/7/2019,324,327,324,325,293.126282,168113
2/8/2019,324,327,324,324,292.224335,72764
2/11/2019,324,327,324,326,294.028229,841836
2/12/2019,326,330,326,329,296.733978,609012
2/13/2019,330,334,330,331,298.537903,74509
2/14/2019,330,335,330,333,300.341736,200543
2/15/2019,334,339,332,338,304.851349,142361
2/18/2019,340,343,340,342,308.459076,199893
2/19/2019,343,345,340,340,306.655212,194612
2/20/2019,340,343,340,341,307.557129,131291
2/21/2019,340,345,340,343,309.360962,117936
2/22/2019,340,344,340,343,309.360962,58128
2/25/2019,340,345,340,345,311.164825,91168
2/26/2019,343,345,341,342,308.459076,71233
2/27/2019,342,342,339,340,306.655212,355849
2/28/2019,342,342,336,337,303.949432,397096
3/1/2019,339,340,336,337,303.949432,279110
3/4/2019,341,341,338,339,305.753296,149866
3/5/2019,336,340,336,339,305.753296,541939
3/6/2019,340,340,338,338,304.851349,441159
3/7/2019,335,340,334,339,305.753296,382791
3/8/2019,336,340,330,334,301.243652,334447
3/11/2019,338,338,336,338,304.851349,95554
3/12/2019,340,344,334,338,304.851349,79772
3/13/2019,342,342,337,341,307.557129,124966
3/14/2019,341,341,336,339,305.753296,1158795
3/15/2019,336,341,333,333,300.341736,287875
3/18/2019,334,338,333,336,303.047516,279896
3/19/2019,333,338,332,335,302.145538,156806
3/20/2019,337,337,330,332,299.439789,715446
3/21/2019,335,335,328,332,299.439789,485744
3/22/2019,329,331,327,327,294.930176,390264
3/25/2019,326,327,325,325,293.126282,509587
3/26/2019,327,328,326,326,294.028229,93420
3/27/2019,326,331,326,326,294.028229,334192
3/28/2019,329,332,327,332,299.439789,350046
3/29/2019,327,336,327,334,301.243652,128635
4/1/2019,337.5,337.5,333.5,335.5,302.596558,131178
4/2/2019,329,338.5,328.5,336,303.047516,104268
4/3/2019,331,338,331,336,303.047516,83963
4/4/2019,333,333,330.5,330.5,301.87381,67570
4/5/2019,330,335.5,330,334,305.070679,75403
4/8/2019,334,335.5,331.5,332.5,303.700531,174882
4/9/2019,334,334,331,333,304.157257,995369
4/10/2019,333,333,330,331.5,302.78717,81579
4/11/2019,331.5,331.5,330,331,302.330475,97042
4/12/2019,331.5,331.5,330,331,302.330475,2778660
4/15/2019,328,333.5,327.5,331.5,302.78717,207348
4/16/2019,329,331.5,328,328.5,300.047028,155726
4/17/2019,328.5,333,327.5,327.5,299.133667,235529
4/18/2019,329,330,328,329.5,300.960388,390279
4/23/2019,330,333.5,328.5,332,303.243896,2839640
4/24/2019,329.5,333,329.5,330,301.417114,820284
4/25/2019,331.5,332,330,330,301.417114,228546
4/26/2019,330,333,330,331,302.330475,147165
4/29/2019,329.5,334,329.5,332.5,303.700531,112682
4/30/2019,333,333.5,331.5,333.5,304.613983,68367
5/1/2019,331,333.5,331,333,304.157257,74636
5/2/2019,333,334,331.5,332,303.243896,75947
5/3/2019,334,334,330.5,330.5,301.87381,156356
5/7/2019,332.5,332.5,328,329,300.503723,153535
5/8/2019,327.5,329.5,327.5,329,300.503723,74720
5/9/2019,330,331,328,329.5,300.960388,96939
5/10/2019,331.5,332,328,330,301.417114,64183
5/13/2019,331,331,328,328.5,300.047028,97803
5/14/2019,330.5,332,330,331,302.330475,64686
5/15/2019,332.5,338,332.5,338,308.724152,674089
5/16/2019,338,340,336,340,310.550964,128465
5/17/2019,339.5,340.5,335,340,310.550964,250446
5/20/2019,336.5,341,336.5,341,311.464294,96562
5/21/2019,340,342,338,342,312.377716,52151
5/22/2019,339,342,339,340.5,311.00766,136916
5/23/2019,340.5,342.5,339,341.5,311.921021,164351
5/24/2019,342.5,343.5,341,343.5,313.747833,101533
5/28/2019,343.5,344,340.5,343,313.291077,78817
5/29/2019,344.5,345,343,344,314.204468,80841
5/30/2019,344.5,346.5,344,346.5,316.487946,273204
5/31/2019,346.5,346.5,345,345,315.117889,103454
6/3/2019,346.5,347,344,345,315.117889,177957
6/4/2019,346,347,344,345,315.117889,1671230
6/5/2019,347.5,348,341.5,343,313.291077,145944
6/6/2019,342,343.5,341,341.5,311.921021,51361
6/7/2019,341,345,340.5,344,314.204468,247691
6/10/2019,341,345,341,343,313.291077,179645
6/11/2019,344,344,341,344,314.204468,208371
6/12/2019,344.5,345,341,342,312.377716,134587
6/13/2019,340.5,341.5,339.5,339.5,310.094299,173604
6/14/2019,342,342,339,340.5,311.00766,136472
6/17/2019,340,341.5,338,339.5,310.094299,151481
6/18/2019,338.5,341.5,338.5,339,309.637604,196950
6/19/2019,339,341.5,339,339,309.637604,62664
6/20/2019,340.5,343.5,339.5,342,312.377716,122752
6/21/2019,339.5,342,339.5,340,310.550964,215228
6/24/2019,340,341.5,340,341,311.464294,67539
6/25/2019,341,341,338.5,340.5,311.00766,36689
6/26/2019,340.5,341,338,339,309.637604,39030
6/27/2019,339,342,339,341,311.464294,309727
6/28/2019,341.5,341.5,339.5,341,311.464294,43483
7/1/2019,342,344.5,341.5,343.5,313.747833,175342
7/2/2019,343,344.5,340,342.5,312.834381,89820
7/3/2019,340.5,341.5,340,341,311.464294,231826
7/4/2019,341.5,344.5,341,341,311.464294,157278
7/5/2019,341,344,341,342.5,312.834381,240487
7/8/2019,339.5,345,339.5,342.5,312.834381,6866618
7/9/2019,343,345.5,343,343,313.291077,265949
7/10/2019,343,344,340.5,342,312.377716,717464
7/11/2019,343.5,348,342,342.5,312.834381,227046
7/12/2019,342,343,341,342.5,312.834381,123493
7/15/2019,342,342.5,340.5,341.5,311.921021,270058
7/16/2019,342.5,343.5,341,342,312.377716,111984
7/17/2019,343,345.5,341,345.5,315.574554,164493
7/18/2019,343,344,341,343,313.291077,145399
7/19/2019,342,342.5,341,341,311.464294,108129
7/22/2019,341,344,341,341,311.464294,209339
7/23/2019,342,344.5,341.5,344,314.204468,130054
7/24/2019,341,344,341,341.5,311.921021,2175078
7/25/2019,344,344,341,342,312.377716,5212989
7/26/2019,342,345,341.5,342,312.377716,91903
7/29/2019,342.5,346.5,341.776001,345,315.117889,352728
7/30/2019,345,350.545013,345,347,316.944641,278948
7/31/2019,348,350.269989,348,348,317.858002,150561
8/1/2019,350,353.454987,350,351,320.598206,265244
8/2/2019,351.5,353.354004,349,349,318.771423,213910
8/5/2019,349,352.924988,347.285004,348,317.858002,108673
8/6/2019,346,351.5,346,348.5,318.314728,203992
8/7/2019,350,350.105988,348.290009,349,318.771423,129010
8/8/2019,351,356,351,354.5,323.795044,256861
8/9/2019,356.5,357.5,355,356,325.165131,76398
8/12/2019,357.5,357.5,354.5,354.5,323.795044,125011
8/13/2019,351.5,356.5,351.5,355.5,324.708435,64044
8/14/2019,355,355,352,353,322.424988,83347
8/15/2019,353.5,355,352,353,322.424988,70286
8/16/2019,349.5,356.770996,349.5,356.5,325.621796,105204
8/19/2019,354,355.792999,350,352,321.511536,176698
8/20/2019,356,356,352,352,321.511536,110234
8/21/2019,352,354,352,353,322.424988,49754
8/22/2019,352.5,354.5,350.320007,354.5,323.795044,77148
8/23/2019,354,354,350,350.5,320.14151,172162
8/27/2019,350,352.299988,345,346,316.03125,210893
8/28/2019,344.5,347.5,340,342,312.377716,818550
8/29/2019,341,347.5,341,345,315.117889,93101
8/30/2019,343,348,341.5,346,316.03125,228028
9/2/2019,344,349,344,348.5,318.314728,65365
9/3/2019,349,355.5,348,355.5,324.708435,184551
9/4/2019,354.5,359.5,353.980011,357.5,326.535187,231220
9/5/2019,358.5,358.5,350.5,352.5,321.968231,158235
9/6/2019,354.5,354.5,350.187988,351.5,321.054901,35398
9/9/2019,349.5,353,348,350,319.684814,137107
9/10/2019,351,351.5,349.237,351.5,321.054901,47075
9/11/2019,352,352.5,349.5,350,319.684814,94525
9/12/2019,350.5,352,347.5,349,318.771423,127720
9/13/2019,349,351.5,348,350,319.684814,173406
9/16/2019,347.5,351.5,347.5,348.5,318.314728,429454
9/17/2019,347.5,349.75,343,343.5,313.747833,151900
9/18/2019,343,346.166992,311,332,303.243896,447354
9/19/2019,333,338,333,338,308.724152,511731
9/20/2019,341,342,336.401001,342,312.377716,238055
9/23/2019,343,344,339.5,344,314.204468,546582
9/24/2019,345,345,339.5,343,313.291077,313757
9/25/2019,340.5,344,339,340,310.550964,393308
9/26/2019,340.5,343.5,340.5,343,313.291077,280648
9/27/2019,342.5,342.5,338,341,311.464294,311038
9/30/2019,341.5,343,341.5,341.5,311.921021,112245
10/1/2019,342,344,341.5,342,312.377716,99880
10/2/2019,343,343,337.5,338.5,309.180878,103378
10/3/2019,341,341,336,336,306.89743,75344
10/4/2019,336,340,333.5,335,305.984039,749565
10/7/2019,341,342.5,335.5,336,306.89743,112953
10/8/2019,336.5,340.5,333,338,308.724152,266297
10/9/2019,338,342.125,338,341.5,311.921021,323266
10/10/2019,342.5,342.5,339,340,310.550964,466871
10/11/2019,337,343.5,337,341.5,311.921021,197373
10/14/2019,343,345.027008,337,345,315.117889,103210
10/15/2019,343.5,352.222992,342.549988,351.5,321.054901,1281148
10/16/2019,345,351.5,345,351,320.598206,154880
10/17/2019,350.5,353.5,349,352,321.511536,143580
10/18/2019,352.5,352.5,349,352,321.511536,144069
10/21/2019,350,350,346,347,316.944641,197836
10/22/2019,350,350,346.265015,347.5,317.401337,285865
10/23/2019,348.5,350,346,350,319.684814,114171
10/24/2019,349,349.5,342,344,314.204468,716191
10/25/2019,342,349,342,345,315.117889,56297
10/28/2019,344.5,349.5,343.5,348.5,318.314728,44423
10/29/2019,348.5,348.5,344.5,348.5,318.314728,52627
10/30/2019,344,348.5,342.5,347,316.944641,87275
10/31/2019,345,346.5,342.5,342.5,316.724731,60105
11/1/2019,340.5,342.5,340,342,316.26239,183662
11/4/2019,347,347,341.5,345,319.036621,34934
11/5/2019,341,347,341,344,318.111847,113102
11/6/2019,340.5,346,340.5,342.5,316.724731,62830
11/7/2019,343,345.957001,341,345,319.036621,75831
11/8/2019,340.5,343.5,338.5,341.5,315.799988,575642
11/11/2019,338,341.54599,338,339.5,313.9505,164364
11/12/2019,342,342,338.5,340,314.412872,117162
11/13/2019,340,341.5,339,339.5,313.9505,96762
11/14/2019,338,341,337.5,338,312.563354,454745
11/15/2019,339,339,338,339,313.488129,98611
11/18/2019,338,339,337,337,311.638641,113962
11/19/2019,337,339,335.5,335.5,310.251526,158558
11/20/2019,335.5,337.5,334,334.5,309.326782,478005
11/21/2019,334,334.5,333,333.5,308.402069,61663
11/22/2019,335,335,333.5,333.5,308.402069,86795
11/25/2019,335,335,333.5,334.5,309.326782,140180
11/26/2019,335,335,332.970001,334.5,309.326782,444635
11/27/2019,335,335,333,334.5,309.326782,197382
11/28/2019,332.5,334.5,332.5,334,308.86441,189079
11/29/2019,334.5,334.5,332.5,333.5,308.402069,548266
12/2/2019,332,334,327.5,333,307.939667,199951
12/3/2019,329,332,327.5,330,305.165436,140006
12/4/2019,330,330,321.540009,327.5,302.853607,234485
12/5/2019,327.5,328.5,324.5,328,303.315979,166997
12/6/2019,328.5,328.5,326,326,301.466461,142872
12/9/2019,330,330,326,328,303.315979,610484
12/10/2019,328,328,325,327,302.391174,210013
12/11/2019,326,326,321.5,325,300.541748,298641
12/12/2019,327,328.5,323.5,326.5,301.928802,465767
12/13/2019,327.5,331.5,327.14801,331.5,306.552521,382961
12/16/2019,327,333,327,333,307.939667,377188
12/17/2019,326,331,326,327,302.391174,345136
12/18/2019,327,329,326.029999,327.5,302.853607,216541
12/19/2019,326.5,330.5,326.5,330.5,305.627838,108422
12/20/2019,327,332,327,329,304.240692,203558
12/23/2019,332,332.5,328.88501,330.5,305.627838,232189
12/24/2019,331.5,331.5,328,328,303.315979,42502
12/27/2019,325,332.5,325,331.5,306.552521,148021
12/30/2019,333.5,333.5,330.980988,333.5,308.402069,106983
12/31/2019,330,336.5,330,336,310.713898,123202
1/2/2020,330,337.5,330,337.5,312.100983,232871
1/3/2020,330,337,330,336,310.713898,123145
1/6/2020,329,336,329,329,304.240692,119788
1/7/2020,331.5,331.5,327,329,304.240692,367894
1/8/2020,328,332.5,327,327,302.391174,156771
1/9/2020,327,330.5,326.5,326.5,301.928802,154163
1/10/2020,330,330,326,326,301.466461,1469300
1/13/2020,330,332,237.5,325,300.541748,459335
1/14/2020,325.5,327.803986,323,324,299.616974,182567
1/15/2020,332.5,332.5,324.5,325,300.541748,194464
1/16/2020,326,330,325,326,301.466461,242103
1/17/2020,325,328.5,324.5,325.5,301.00412,303324
1/20/2020,332,333.5,325.751007,327,302.391174,137327
1/21/2020,328,329.5,327,329,304.240692,116656
1/22/2020,330,331,327.450012,329.5,304.703033,339486
1/23/2020,327,328.25,325,325,300.541748,174875
1/24/2020,326.5,327.25,325,326,301.466461,146873
1/27/2020,323,328.5,319,319,294.993225,275974
1/28/2020,319.5,322.059998,309.5,319,294.993225,361155
1/29/2020,318,322,318,321,296.842743,250879
1/30/2020,320,322,319.200012,319.5,295.455597,137279
1/31/2020,318,318.5,315.937988,318,294.068512,378696
2/3/2020,318.5,320.833008,316.5,316.5,292.681366,117735
2/4/2020,324,324,316.286011,317,293.143768,80003
2/5/2020,314,319,312.5,314,290.369537,222328
2/6/2020,319,320,312.26001,316,292.219025,166961
2/7/2020,316,316,311.5,312,288.52005,616309
2/10/2020,312,314,310,311,287.595337,347412
2/11/2020,311,313,310,310.5,287.132904,173798
2/12/2020,311,315.470001,311,312.5,288.982422,214030
2/13/2020,316,316,311.5,315,291.29425,260062
2/14/2020,312,315,310,314,290.369537,374676
2/17/2020,310.5,316,310.5,313.5,289.907196,141220
2/18/2020,311.5,316,311,313,289.444763,122914
2/19/2020,311.5,317,311.5,313,289.444763,117637
2/20/2020,314.5,315.75,312.695007,315,291.29425,144156
2/21/2020,312,315.5,312,312,288.52005,1081560
2/24/2020,304,307,290,293.5,271.412262,906404
2/25/2020,294.5,297.5,292.5,292.5,270.487549,646726
2/26/2020,292.5,292.5,288,288,266.326202,935110
2/27/2020,286.5,287.332001,282,283,261.702515,1293557
2/28/2020,282,282,265.5,270.5,250.143188,1339185
3/2/2020,270,278,270,277,256.154022,520134
3/3/2020,278,285.375,278,285,263.551971,913809
3/4/2020,289,292.5,287.799988,292,270.025146,742729
3/5/2020,294,294,290.862,294,271.874664,188271
3/6/2020,286.5,292.5,286.5,287,265.401428,362906
3/9/2020,282,282,272,272,251.530319,508090
3/10/2020,279.5,281,266,267,246.906586,436237
3/11/2020,263,270,262.394989,266.5,246.444199,518974
3/12/2020,253.5,256.466003,241.5,247,228.411697,703386
3/13/2020,240,258.5,235,251,232.110687,969211
3/16/2020,243,243.5,236.5,238,220.088989,520936
3/17/2020,238,243,235.5,238,220.088989,706724
3/18/2020,236,240,233.5,233.5,215.927673,968368
3/19/2020,234.5,236.975006,229.988007,230,212.691071,498693
3/20/2020,235,236,227.5,230,212.691071,861832
3/23/2020,223,223.5,202,214,197.895157,537023
3/24/2020,218,221.5,214,221.5,204.830734,663625
3/25/2020,221.5,239,221.5,237,219.164276,330594
3/26/2020,237.5,242.5,231,242.5,224.250366,487408
3/27/2020,235.5,243,235.5,239,221.013763,397228
3/30/2020,233,242.375,231.5,238,220.088989,732716
3/31/2020,240,266,232.873993,266,245.981827,270722
4/1/2020,262,262,252.5,255,235.809647,1835823
4/2/2020,258.5,258.5,254,254,234.884903,1300380
4/3/2020,260,262.5,255.5,258,238.583893,556288
4/6/2020,269,270,262,264.5,244.594711,659001
4/7/2020,264,271.5,264,268,247.831299,240774
4/8/2020,266.5,273.854004,266.5,270,249.680832,855626
4/9/2020,272.5,274.22699,266.5,271.5,255.279114,237881
4/14/2020,267.5,272.5,265,268,251.988174,328740
4/15/2020,269.5,270.001007,261,261,245.406403,487452
4/16/2020,265,271.5,263.5,270,253.868713,259971
4/17/2020,276,285,273.920013,279,262.330963,287863
4/20/2020,279,282,276.5,278.5,261.86087,916053
4/21/2020,279,279,272.5,274.5,258.099884,188133
4/22/2020,274.5,277.480988,274.5,276,259.510254,100763
4/23/2020,274.5,276.475006,272.5,274.5,258.099884,196604
4/24/2020,274,276.450012,272,272,255.749237,334095
4/27/2020,272,275.5,272,272,255.749237,398825
4/28/2020,272,275.885986,272,272.5,256.21933,421668
4/29/2020,272,278.5,272,276,259.510254,108162
4/30/2020,276,283,276,279,262.330963,69104
5/1/2020,278,284,272.5,274,257.6297,137399
5/4/2020,270.5,273.5,270,270.5,254.338837,182050
5/5/2020,270.5,275.5,270.5,273,256.689453,159306
5/6/2020,272,278.5,272,277,260.4505,313683
5/7/2020,279,284,278.502991,283,266.092041,307167
5/11/2020,287,291.996002,284,289,271.733521,382406
5/12/2020,288.5,291.5,288,289.5,272.203644,211959
5/13/2020,292,293.299988,290,292,274.554291,358148
5/14/2020,292,296,290.5,294,276.434814,470147
5/15/2020,298,299.5,295.5,298,280.195831,285140
5/18/2020,298,304.5,298,301,283.016602,388505
5/19/2020,305,308.5,303,303,284.897125,383936
5/20/2020,304,308.225006,300.460999,303,284.897125,608020
5/21/2020,303,308.5,303,305,286.777618,265197
5/22/2020,304.5,308.725006,302.5,302.5,284.427002,304896
5/26/2020,306,309.5,304,306,287.717865,247655
5/27/2020,304.5,309.5,304.5,307,288.658112,205091
5/28/2020,307,314,306.5,312,293.359406,330012
5/29/2020,315,319.5,314.125,319.5,300.411285,339497
6/1/2020,320,326,320,325,305.582733,183101
6/2/2020,325,328,324,327.5,307.93335,279134
6/3/2020,329,330.559998,326.864014,330,310.283966,457878
6/4/2020,330,334,330,331,311.224213,708916
6/5/2020,331,334,329,332,312.16449,761975
6/8/2020,330.5,334,330.463013,331,311.224213,866968
6/9/2020,334.5,334.5,331,331.5,311.694336,534372
6/10/2020,331,334,331,332.5,312.634583,180542
6/11/2020,317,331.274994,317,328,308.403473,571188
6/12/2020,323,329,321.5,324,304.642456,429833
6/15/2020,321,329.75,313.936005,320,300.881409,400562
6/16/2020,328,331,324.125,326.5,306.993073,283240
6/17/2020,324.5,330,324.5,326.5,306.993073,200750
6/18/2020,325,329.480011,325,328,308.403473,185031
6/19/2020,331,337.5,329,334.5,314.515137,372648
6/22/2020,331.5,337.5,331.5,333,313.104736,209530
6/23/2020,339.5,340,333,333.5,313.57489,274040
6/24/2020,333.5,339.246002,331,332,312.16449,152310
6/25/2020,332,335.5,330,331.5,311.694336,245039
6/26/2020,330,333,328.5,329.5,309.813812,293758
6/29/2020,328.5,332,322.997986,331,311.224213,132515
6/30/2020,333,333,328,329,309.343719,208991
7/1/2020,335.5,335.5,329.5,332,312.16449,401062
7/2/2020,333.5,333.5,326.5,330.5,310.75412,715524
7/3/2020,331,333,330.5,333,313.104736,58809
7/6/2020,333.5,337.621002,330.5,335,314.98526,695139
7/7/2020,332,334.662994,331,332,312.16449,469412
7/8/2020,331,335.5,328.5,330,310.283966,269720
7/9/2020,332,332,328.5,328.5,308.873596,374627
7/10/2020,329,336.612,328.5,333.5,313.57489,704896
7/13/2020,337,337,333,333,313.104736,211368
7/14/2020,333,335.240997,332.5,333,313.104736,561438
7/15/2020,327.5,335.5,327.5,335,314.98526,2491510
7/16/2020,333,336,330.5,335.5,315.455383,120086
7/17/2020,333,338,333,337.5,317.335846,82113
7/20/2020,335,338.5,333.5,335,314.98526,74743
7/21/2020,335,336.25,335,335.5,315.455383,221048
7/22/2020,335,336.5,335,336,315.925507,603600
7/23/2020,335,336,334,335,314.98526,112804
7/24/2020,328,329.737,324,325,305.582733,179149
7/27/2020,319,319,298.5,313.5,294.769806,328895
7/28/2020,311.5,320.5,311.5,317,298.060669,57361
7/29/2020,316,317,305.369995,309.5,291.008759,337068
7/30/2020,309,311,307,309,290.538635,629430
7/31/2020,309,309.5,306,306,287.717865,100188
8/3/2020,310.5,313.5,308.5,312.5,293.829529,985907
8/4/2020,312,315,309,314,295.239929,1094231
8/5/2020,314,321,314,321,301.821686,89808
8/6/2020,315,321,315,318,299.000916,53983
8/7/2020,318,323,314.393005,320,300.881409,81799
8/10/2020,321.5,323.5,321.398987,322.5,303.232086,52918
8/11/2020,325,325.5,323,325,305.582733,238909
8/12/2020,327.5,327.5,323.5,325.5,306.052856,416038
8/13/2020,324,326.23999,323,323,303.702209,106990
8/14/2020,327,327,321,322,302.761932,91493
8/17/2020,321,326.5,321,326,306.522949,127519
8/18/2020,322.5,324.5,321.5,322.5,303.232086,559666
8/19/2020,322,325.109985,318.5,318.5,299.471039,124239
8/20/2020,321.5,325,319,319,299.941162,81219
8/21/2020,322,325,320.794006,325,305.582733,164759
8/24/2020,330,330,320.794006,325.5,306.052856,98690
8/25/2020,326.5,326.5,322.713989,323,303.702209,80865
8/26/2020,322,322.5,316.5,320,300.881409,2085477
8/27/2020,317,320,317,319,299.941162,1540436
8/28/2020,317,322.5,317,318,299.000916,75696
9/1/2020,318,320.5,313,320,300.881409,245007
9/2/2020,318,322.5,318,322.5,303.232086,155479
9/3/2020,318.5,325.5,318.5,321,301.821686,172630
9/4/2020,322,324.013,319.5,320,300.881409,68804
9/7/2020,320,322.593994,320,320,300.881409,112345
9/8/2020,320,321.898987,320,320,300.881409,130662
9/9/2020,319,323.5,319,321,301.821686,89142
9/10/2020,323.5,325.5,321.5,324,304.642456,54239
9/11/2020,326.5,332,325,328,308.403473,109961
9/14/2020,328.5,332.5,327.5,332.5,312.634583,228428
9/15/2020,331.5,335,331.5,334,314.045013,135164
9/16/2020,336,336,332,332,312.16449,649769
9/17/2020,332.5,332.5,328,330,310.283966,1572516
9/18/2020,331,331,326.5,326.5,306.993073,378944
9/21/2020,329.5,330,320,323,303.702209,474528
9/22/2020,323,325.5,322,322,302.761932,675957
9/23/2020,327.5,331,322.5,323,303.702209,665022
9/24/2020,323,326,317,319,299.941162,236496
9/25/2020,317,320,317,317,298.060669,2144198
9/28/2020,317,322,317,321,301.821686,146616
9/29/2020,320,320,317.5,317.5,298.530792,21068
9/30/2020,317,322,317,322,302.761932,247985
10/1/2020,321,323,314.756012,323,303.702209,368912
10/2/2020,320,328,320,328,308.403473,53617
10/5/2020,328,332,325,332,312.16449,114553
10/6/2020,327,331.700012,327,331,311.224213,69868
10/7/2020,330,331,329.700012,331,311.224213,336182
10/8/2020,330.5,331,329,331,311.224213,186872
10/9/2020,329,330.696991,329,329.5,309.813812,458188
10/12/2020,330.5,331,329,329.5,309.813812,246382
10/13/2020,329.5,330.5,329,329,309.343719,203890
10/14/2020,329,331,328.5,329,309.343719,645788
10/15/2020,328.5,329.5,325.5,328.5,308.873596,110910
10/16/2020,329.5,329.5,327,327,307.463165,66843
10/19/2020,325,331,325,328.5,308.873596,300358
10/20/2020,330.5,332,329.200012,330,310.283966,184553
10/21/2020,331.5,332,330,332,312.16449,368237
10/22/2020,330,338,330,338,317.805969,184847
10/23/2020,333,338,333,337.5,317.335846,297121
10/26/2020,334,338,333.5,335,314.98526,106824
10/27/2020,334,336.5,331.5,333,313.104736,453294
10/28/2020,332,332,325.5,326,306.522949,104906
10/29/2020,326,330,325.5,328,308.403473,111681
10/30/2020,327,331.014008,327,331,311.224213,52713
11/2/2020,330,332,330,330,310.283966,172572
11/3/2020,330,330,327,327,307.463165,916197
11/4/2020,327,330,327,330,310.283966,118450
11/5/2020,328,329.5,328,328,312.332886,91468
11/6/2020,329,330,328,330,314.237396,330811
11/9/2020,332.5,345,331.007996,341,324.711914,354029
11/10/2020,341.5,354,341,354,337.090973,313419
11/11/2020,350.5,354,349.75,353,336.138794,441122
11/12/2020,350,353.5,348.519989,353.5,336.614899,199601
11/13/2020,350,355.5,349.5,355,338.043243,242503
11/16/2020,355,359.5,350,358,340.899963,2038246
11/17/2020,360,362,356.899994,362,344.708862,368457
11/18/2020,363.5,375,361.993988,375,357.087921,350550
11/19/2020,369,372.993988,365.5,370,352.326752,331734
11/20/2020,370.5,370.899994,367.449005,368.5,350.898376,401417
11/23/2020,367.5,370.5,365,365,347.565582,240381
11/24/2020,366,377.5,366,377.5,359.468506,676462
11/25/2020,377.5,394,376.25,387.5,368.990845,620402
11/26/2020,385,387.5,379.5,383,364.70578,270488
11/27/2020,380,384.5,376,384.5,366.134125,620645
11/30/2020,380,383,380,382,363.753571,221196
12/1/2020,383,383,380.5,382.5,364.229675,766161
12/2/2020,383,385.5,382.5,385,366.61026,433889
12/3/2020,386,386,380.5,385.5,367.086395,248990
12/4/2020,386,386.5,384.5,386.5,368.038605,271481
12/7/2020,388,390,384.5,385.5,367.086395,293056
12/8/2020,390,390,377,382.5,364.229675,323402
12/9/2020,384,384,379,381,362.801361,595251
12/10/2020,380,384,357.5,379,360.896851,484194
12/11/2020,382,392,382,392,373.275909,391490
12/14/2020,392,403,391.970001,401,381.846008,340392
12/15/2020,401,403.5,397.5,402.5,383.274353,224416
12/16/2020,403.5,411,403,406,386.607178,802393
12/17/2020,405.5,409,403.519012,407,387.559448,386889
12/18/2020,403,409,402.536011,405.5,386.131073,338580
12/21/2020,405.5,411,400,406,386.607178,258912
12/22/2020,406,410,405.5,410,390.416138,119144
12/23/2020,410,411.5,409,411.5,391.844482,114670
12/24/2020,409,411.5,407.759003,411.5,391.844482,222721
12/29/2020,408,422,408,422,401.842926,344215
12/30/2020,422,426,418.5,425,404.699646,323859
12/31/2020,421,427,418.5,425,404.699646,80225
1/4/2021,427.5,428.5,425.920013,427,406.604095,351352
1/5/2021,425,435,425,435,414.221985,341672
1/6/2021,426,439.5,426,439.5,418.50705,665388
1/7/2021,438,445,438,444,422.792114,598452
1/8/2021,445,448,440,445.5,424.220428,331169
1/11/2021,444.5,452,444.5,448,426.601013,250071
1/12/2021,450,456.333008,447.5,452,430.410004,535075
1/13/2021,452,459,450,459,437.075623,687801
1/14/2021,455.5,463.5,455.5,456,434.218903,384675
1/15/2021,456,461.5,456,459,437.075623,218827
1/18/2021,462.5,464.5,461.98999,462.5,440.408417,503394
1/19/2021,460.5,460.5,447.5,449.5,428.029388,540177
1/20/2021,446,451.375,446,446,424.696594,362391
1/21/2021,445,451.5,445,445,423.744324,190537
1/22/2021,444,448.5,440,440,418.983154,294787
1/25/2021,446,446,430,430,409.460815,269406
1/26/2021,430,433.5,416,431,410.413055,365915
1/27/2021,426,429.5,420,423.5,403.271301,273353
1/28/2021,410,415.431,405,409,389.463898,1440286
1/29/2021,412,414,408.5,410.5,390.892212,182284
2/1/2021,415,415,402,405,385.654968,312619
2/2/2021,410,422,410,421,400.890717,328809
2/3/2021,435,435,426,427,406.604095,260820
2/4/2021,434,435.5,427.5,427.5,407.080231,211666
2/5/2021,432,435,430.531006,435,414.221985,204718
2/8/2021,433,434.5,429.5,431,410.413055,233804
2/9/2021,435.5,436,428,431,410.413055,327799
2/10/2021,426,435.5,422,422,401.842926,278875
2/11/2021,433,433,426.5,432,411.365295,159753
2/12/2021,431.5,432,428.5,429.5,408.98468,169043
2/15/2021,431.5,432.5,424,431,410.413055,240925
2/16/2021,422,433,422,430,409.460815,355013
2/17/2021,434,439,432.799988,439,418.030945,500954
2/18/2021,437,439.5,435,436.5,415.65033,195779
2/19/2021,438.5,440.585999,435.015015,437,416.126465,71164
2/22/2021,436,436,429.5,429.5,408.98468,109572
2/23/2021,427.5,429.5,420.5,421.5,401.366852,257804
2/24/2021,420,420,412,416,396.129547,161802
2/25/2021,419,419,409,411,391.368347,459429
2/26/2021,409,414,407.5,408,388.511658,383960
3/1/2021,410.5,416.5,410,410,390.416138,412597
3/2/2021,409.5,412,406,406.5,387.083313,1057616
3/3/2021,413,416,409.5,416,396.129547,594306
3/4/2021,412,420,412,420,399.938477,193207
3/5/2021,413.5,423.5,413.5,418.5,398.510162,217806
3/8/2021,421.5,421.5,414.5,419,398.986237,192444
3/9/2021,421.5,422.5,416.279999,422.5,402.319031,253609
3/10/2021,421,427.5,419.5,425,404.699646,181259
3/11/2021,428,428,425.029999,428,407.556366,215810
3/12/2021,430,430,422,426,405.651886,163756
3/15/2021,426,429.5,423,427,406.604095,179055
3/16/2021,429,429,425,428.5,408.032471,407004
3/17/2021,429,430,426.5,429,408.508575,205242
3/18/2021,430,430,426,429.5,408.98468,134149
3/19/2021,429,430,423,423,402.795197,432349
3/22/2021,429.5,430,423,428.5,408.032471,375328
3/23/2021,427,430,426.669006,430,409.460815,204561
3/24/2021,428.5,429,423,425,404.699646,122187
3/25/2021,424,426.845001,418,418,398.033997,121063
3/26/2021,418,418,413,413,393.272827,283971
3/29/2021,413,418,412,413,393.272827,110352
3/30/2021,414,417,410.5,414.5,394.701172,311566
3/31/2021,416,418,414.5,418,398.033997,131124
4/1/2021,418,428,418,426.5,406.128021,269497
4/6/2021,427,445,427,442.5,421.363739,433206
4/7/2021,442,451,442,450.5,428.981598,693014
4/8/2021,448,448,440.5,444,426.897888,402184
4/9/2021,444,444.5,442,444,426.897888,308057
4/12/2021,446,452.5,444,452,434.589752,431114
4/13/2021,445.5,454,445.5,454,436.512726,673592
4/14/2021,446,454.5,446,451,433.628265,294906
4/15/2021,453,460,452.744995,460,442.281616,294701
4/16/2021,459.5,459.984985,452.5,457,439.397156,129062
4/19/2021,457.5,461.5,455.5,460,442.281616,218322
4/20/2021,458,464,457,457,439.397156,209843
4/21/2021,457,464.5,457,459.5,441.800873,169299
4/22/2021,460,463.5,456.5,460.5,442.762329,207183
4/23/2021,460,460,455,456,438.435669,65698
4/26/2021,456,460,455,456.5,438.916412,270203
4/27/2021,459,461.483002,452.5,453.5,436.031982,69335
4/28/2021,452,457.666992,440,451.5,434.109009,924570
4/29/2021,454,460,453,455,437.474182,100052
4/30/2021,455.5,458,453,453.5,436.031982,119377
5/4/2021,459,459,444.5,445,427.859375,947386
5/5/2021,446.5,451.5,437.5,438.5,421.609741,430653
5/6/2021,443.5,444.5,438.213989,440.5,423.532684,184383
5/7/2021,437.5,451.5,437.5,449.5,432.186035,106604
5/10/2021,449,451,444.333008,447,429.782318,112507
5/11/2021,442.5,451,433.5,433.5,416.802307,118642
5/12/2021,433,439,428,432,415.360107,338835
5/13/2021,432,439.5,432,434.5,417.763824,127596
5/14/2021,434,439.5,434,436,419.206055,157289
5/17/2021,435,440,433.549988,436,419.206055,273256
5/18/2021,440.5,440.845001,431.5,431.5,414.879395,48840
5/19/2021,438,439.640015,428,430,413.437134,142295
5/20/2021,433,437.5,431.609009,434,417.283081,57145
5/21/2021,442,446,434,444,426.897888,141789
5/24/2021,444.5,450,439,447.5,430.263092,91619
5/25/2021,450,457,445,445,427.859375,253588
5/26/2021,456,456,449,451.5,434.109009,82565
5/27/2021,455.5,460,449,460,442.281616,144999
5/28/2021,453.5,464.5,453.5,460,442.281616,194360
6/1/2021,459,468.5,459,463.5,445.64682,278593
6/2/2021,465,468.5,464.5,465,447.08902,249564
6/3/2021,467,472,467,471.5,453.338654,210633
6/4/2021,469.5,480,468.5,479,460.549744,151702
6/7/2021,478,479.5,471.5,472,453.819397,224759
6/8/2021,473,476.5,465,469,450.934937,264113
6/9/2021,470,472.5,467,468,449.97345,434188
6/10/2021,469,471.240997,461,462,444.20459,1100030
6/11/2021,464,468,461,461,443.243073,204740
6/14/2021,462,466.5,461,461,443.243073,783028
6/15/2021,461,464.5,461,462,444.20459,863890
6/16/2021,466.5,466.5,461.355988,462,444.20459,145507
6/17/2021,466.5,466.5,463.5,464.5,446.608246,141487
6/18/2021,470,472,469,470,451.896423,377430
6/21/2021,469,474.5,467,474.5,456.223083,305117
6/22/2021,474,478,472,476,457.665314,984822
6/23/2021,475,479,472.5,477.5,459.107513,289224
6/24/2021,476,477.5,466.5,469,450.934937,949240
6/25/2021,472.5,476,465,467,449.011963,1645203
6/28/2021,470.5,471,466,468.5,450.454193,167959
6/29/2021,470,472,468,471.5,453.338654,623074
6/30/2021,475,484.5,470.399994,481.5,462.953461,241019
7/1/2021,483.5,486.5,481.5,484.5,465.837891,121136
7/2/2021,484,488,484,488,469.203094,96725
7/5/2021,488,489,482.601013,489,470.164581,120857
7/6/2021,487,487.975006,481.5,481.5,462.953461,114029
7/7/2021,485,485,481,481,462.472717,54822
7/8/2021,483,483,473.5,476,457.665314,107466
7/9/2021,476,484.5,476,482,463.434174,68804
7/12/2021,480,480,472,475,456.703827,67357
7/13/2021,472.5,473.5,468.5,468.5,450.454193,57601
7/14/2021,468,468.5,461,463.5,445.64682,114753
7/15/2021,463.5,465,461,461,443.243073,64501
7/16/2021,463.5,465,458.5,459,441.320129,158721
7/19/2021,453,453,437,438,421.129028,380993
7/20/2021,440,448.5,440,446,428.820892,249144
7/21/2021,445,451.5,445,447,429.782318,291551
7/22/2021,453,456,445,445,427.859375,89782
7/23/2021,457,457.5,451,451.5,434.109009,231168
7/26/2021,456.5,456.5,451.311005,453,435.551239,224498
7/27/2021,456,457,451.450012,452,434.589752,397713
7/28/2021,452,453.628998,451,451,433.628265,81795
7/29/2021,452.5,459,452,452,434.589752,196399
7/30/2021,459,462.5,455,458,440.358643,119357
8/2/2021,459.5,461,457.5,459.5,441.800873,63431
8/3/2021,459,477.5,458.998993,477.5,459.107513,218801
8/4/2021,477.5,479,468,475,456.703827,198096
8/5/2021,473.5,476,468,470,451.896423,189470
8/6/2021,468,471,467,467,449.011963,208154
8/9/2021,467,471.5,467,467,449.011963,238662
8/10/2021,468.5,473.5,468,468,449.97345,61647
8/11/2021,468,473,467.537994,473,454.780884,261054
8/12/2021,469,470,466,470,451.896423,47099
8/13/2021,471,471.75,466,468,449.97345,64863
8/16/2021,469,472,465,468.5,450.454193,147850
8/17/2021,467.5,469.166992,466,467,449.011963,171105
8/18/2021,471.5,472,464.457001,468,449.97345,118797
8/19/2021,465,470,465,465,447.08902,235864
8/20/2021,468,468,450.25,457.5,439.877899,546195
8/23/2021,457.5,458.247986,452,453,435.551239,245713
8/24/2021,453,455.5,450,453.5,436.031982,115684
8/25/2021,451,458,451,451,433.628265,304180
8/26/2021,451,454,440.373993,449,431.705322,439643
8/27/2021,455.5,456,449.341003,454,436.512726,178624
8/31/2021,456,456,451.884003,453,435.551239,256320
9/1/2021,450,456,449.5,456,438.435669,6743705
9/2/2021,455,461,453,460.5,442.762329,149197
9/3/2021,465,465,458,461,443.243073,385505
9/6/2021,458,464,458,459.5,441.800873,545660
9/7/2021,465,465,458,461,443.243073,165389
9/8/2021,458.5,461.25,454,455,437.474182,314410
9/9/2021,455,457.5,454,455,437.474182,113073
9/10/2021,459,461.5,455.325012,456,438.435669,255340
9/13/2021,457.98999,460,457.653992,460,442.281616,2929
9/14/2021,460,460,456.5,458,440.358643,70265
9/15/2021,460.5,461.963013,456,459,441.320129,106484
9/16/2021,461,461.5,457.700012,459,441.320129,253588
9/17/2021,461.5,464.549988,459.350006,461.5,443.723816,467896
9/20/2021,459,465.5,459,462.5,444.685303,265455
9/21/2021,465,465,460,460,442.281616,83838
9/22/2021,460.5,462.975006,460.398987,460.5,442.762329,138970
9/23/2021,460,464.5,460,463,445.166046,1013434
9/24/2021,465,465,456.5,458.5,440.839386,248583
9/27/2021,458,460,455,455,437.474182,193162
9/28/2021,456.5,458.5,454,454,436.512726,572723
9/29/2021,454,456,450.5,454,436.512726,195485
9/30/2021,457,460.5,454,457,439.397156,356494
10/1/2021,461.5,461.5,455,456,438.435669,193711
10/4/2021,460,460,455,455,437.474182,280438
10/5/2021,455.5,458,455,456,438.435669,193303
10/6/2021,456,459.5,455.02301,457,439.397156,120127
10/7/2021,460,464.5,457.5,464.5,446.608246,316001
10/8/2021,462,467.5,462,464,446.127533,132929
10/11/2021,466.5,468,465,465,447.08902,295216
10/12/2021,465,474,465,474,455.74231,175405
10/13/2021,475.5,480.5,475.473999,478.5,460.069031,536223
10/14/2021,481.5,482.5,478.134003,481,462.472717,228925
10/15/2021,481,482.997986,479,480,461.511261,794460
10/18/2021,484.5,494.5,480.286011,494.5,475.452728,299942
10/19/2021,497,499.5,491.529999,494.5,475.452728,272959
10/20/2021,500,500,493.5,494,474.971954,156807
10/21/2021,493,495.5,492,492,473.049011,112266
10/22/2021,495,498.5,493,494.5,475.452728,75080
10/25/2021,499,499,494.209991,499,479.779388,115540
10/26/2021,496.5,500,496,498.5,479.298645,122036
10/27/2021,500,507,498.399994,502,482.663818,886148
10/28/2021,501,513,501,510,490.355682,312346
10/29/2021,513,515,508,515,495.163086,243572
11/1/2021,514,516,508.166992,514,494.20163,235153
11/2/2021,512,516,511,515,495.163086,109127
11/3/2021,513,518,511.5,516,496.124603,371458
11/4/2021,513,521,512.997986,521,506.693756,248356
11/5/2021,521,521,517,520,505.721252,240263
11/8/2021,520,523.549988,518,523,508.638885,283307
11/9/2021,521,523,518,519,504.748688,82540
11/10/2021,519,522,517,521,506.693756,157015
11/11/2021,522,523,520,522,507.666321,55468
11/12/2021,522,527,520.224976,523,508.638885,103268
11/15/2021,523,538,520.351013,535,520.309326,353434
11/16/2021,535,535,530,530,515.446655,105394
11/17/2021,530,538,530,533,518.364258,160316
11/18/2021,532,537.155029,529.390015,534,519.336792,139533
11/19/2021,534,534,526,527,512.528992,113662
11/22/2021,527,533,526,529,514.47406,211458
11/23/2021,526,533,525,528,513.501587,63536
11/24/2021,532,533,525,525,510.583923,165088
11/25/2021,530,530,526,526,511.556427,61525
11/26/2021,520,526.984985,503,503,489.188019,437059
11/29/2021,510,515,507,508,494.050751,233237
11/30/2021,506,512,505,505,491.133118,132947
12/1/2021,513,519,508.707001,519,504.748688,484737
12/2/2021,512,515.632996,501,501,487.24295,921635
12/3/2021,509,509,500,504,490.160583,91192
12/6/2021,505,505,497,500,486.270416,153047
12/7/2021,502,503,493,494,480.435181,427749
12/8/2021,497,498.5,490.5,493.5,479.948883,293478
12/9/2021,494,507.923004,494,504,490.160583,196724
12/10/2021,500,505,498.5,502,488.215485,116018
12/13/2021,502,507,500.070007,501,487.24295,104005
12/14/2021,500,509,500,502,488.215485,79842
12/15/2021,507,513,504,504,490.160583,241335
12/16/2021,510,512,502,504,490.160583,139414
12/17/2021,503,512,503,512,497.940887,200018
12/20/2021,503,512,503,509,495.023285,113961
12/21/2021,512,517,512,517,502.803589,54792
12/22/2021,510,519,510,513,498.913422,71914
12/23/2021,513,516,508,510,495.995789,64627
12/24/2021,515,522,510,522,507.666321,91916
12/29/2021,519,520.969971,510,512,497.940887,144980
12/30/2021,512,520,511,516,501.831055,74537
12/31/2021,515,520.995972,515,516,501.831055,16147
1/4/2022,520,551,518,545,530.03479,428623
1/5/2022,545,546,536,536,521.28186,156668
1/6/2022,536,543,532,532,517.391724,134577
1/7/2022,536,536,528,532,517.391724,98240
1/10/2022,535,536,520,520,505.721252,221386
1/11/2022,527,529,506,508,494.050751,103913
1/12/2022,516,523,509,513,498.913422,131058
1/13/2022,516,519,511,513,498.913422,75602
1/14/2022,515,518,502,512,497.940887,238956
1/17/2022,505,513.18103,503,505,491.133118,142382
1/18/2022,501,504,494.5,498.5,484.811615,211648
1/19/2022,493,501,490.5,493,479.462646,209469
1/20/2022,493,505,493,499,485.297852,117078
1/21/2022,496,504.888,495.5,501,487.24295,149061
1/24/2022,492.5,500,487,489.5,476.058716,492678
1/25/2022,495,505.737,490.554993,495.5,481.893982,889401
1/26/2022,495,512,495,509,495.023285,117933
1/27/2022,501,515,501,515,500.858521,87069
1/28/2022,507,517,507,515,500.858521,233765
1/31/2022,512,519,512,513,498.913422,79365
2/1/2022,516,520,512,517,502.803589,74341
2/2/2022,517,521,513.36499,520,505.721252,120563
2/3/2022,517,521.767029,508,508,494.050751,60664
2/4/2022,520,520,509,510,495.995789,71312
2/7/2022,512,519,512,516,501.831055,78446
2/8/2022,520,522,518.96698,519,504.748688,101261
2/9/2022,523,525,514,514,499.885986,254304
2/10/2022,514,520.898987,512.106018,520,505.721252,73049
2/11/2022,513,522,513,515,500.858521,262342
2/14/2022,508,515,505,509,495.023285,133714
2/15/2022,514,525,512.333008,524,509.611389,79141
2/16/2022,525,525,512,516,501.831055,182602
2/17/2022,524,524,513,520,505.721252,82736
2/18/2022,515,519.469971,508,511,496.968353,105629
2/21/2022,511,518,504,504,490.160583,105502
2/22/2022,509,509,496,502,488.215485,779518
2/23/2022,501,503.187012,498,498,484.325317,455913
2/24/2022,492,492.5,487,489,475.572449,2206457
2/25/2022,490,494,486,494,480.435181,1021360
2/28/2022,495,496,486.5,493.5,479.948883,152533
3/1/2022,492,498.674988,491,495,481.407684,87582
3/2/2022,501,504,494,500,486.270416,118384
3/3/2022,500,506,496.5,497,483.352783,176547
3/4/2022,499.5,509,499,502,488.215485,274985
3/7/2022,501,507.5,485.27301,490,476.545013,417156
3/8/2022,485,489,481.5,481.5,468.278412,269130
3/9/2022,480,488.325989,479.5,485,471.682281,202618
3/10/2022,494,495.5,480,484.5,471.196045,188072
3/11/2022,481,493,479.494995,483,469.737213,587104
3/14/2022,478,486.5,478,485,471.682281,108080
3/15/2022,476.5,487,476.5,485,471.682281,142447
3/16/2022,496,498.5,490.799988,496,482.380219,344058
3/17/2022,498.5,498.5,490,491,477.517548,135287
3/18/2022,498,498,488.5,488.5,475.086182,752580
3/21/2022,501,505,493,504,490.160583,223303
3/22/2022,506,509,504.316986,508,494.050751,77914
3/23/2022,511,511,497.553009,503,489.188019,233209
3/24/2022,506,506.100006,502,502,488.215485,82062
3/25/2022,502,507,502,507,493.078217,265108
3/28/2022,502,511,502,506,492.105652,115303
3/29/2022,502,520,500,518,503.776154,149574
3/30/2022,516,516.98999,507.666992,513,498.913422,65890
3/31/2022,514,516.588989,506,506,492.105652,68055
4/1/2022,513,522,509,520,505.721252,110570
4/4/2022,522,524.340027,512,518,503.776154,125884
4/5/2022,512,522,512,522,507.666321,160162
4/6/2022,523,525,515.088013,525,510.583923,105847
4/7/2022,523,523,514,519,510.808258,99706
4/8/2022,522,524.340027,515,519,510.808258,81721
4/11/2022,518,524,515,522,513.760864,97658
4/12/2022,516,518,510,517,508.839813,125055
4/13/2022,518,524,515,515,506.871368,92263
4/14/2022,516,519,510,518,509.824036,134938
4/19/2022,510,514.669983,508,510,501.950287,361663
4/20/2022,507,513.565002,507,510,501.950287,302120
4/21/2022,508,512,504.178009,505,497.029205,69020
4/22/2022,505,507.984985,501.5,502,494.076569,149895
4/25/2022,500,500,488,488,480.297546,168639
4/26/2022,491,502.803009,491,499,491.123932,108866
4/27/2022,494,504,491,497,489.155487,168148
4/28/2022,496.5,508,496.5,504,496.045013,176490
4/29/2022,509,519,509,512,503.918732,105289
5/3/2022,510,520,510,511,502.934509,425413
5/4/2022,520,520,500,500,492.108124,268993
5/5/2022,504,511,504,506,498.013428,159921
5/6/2022,508,508,501,502,494.076569,290611
5/9/2022,500,500,483,485,477.344879,153641
5/10/2022,492,494,485,489.5,481.773865,205961
5/11/2022,491.5,499.5,486.412994,490,482.265961,300897
5/12/2022,490,492,479.5,483,475.376465,239863
5/13/2022,478.5,485.5,472,475,467.502716,291835
5/16/2022,475,479.5,469,470,462.581635,178416
5/17/2022,468,478,464,472.5,465.042175,223858
5/18/2022,479,479,469.5,476.5,468.979065,129336
5/19/2022,469,477.065002,462,468,460.61322,342653
5/20/2022,469,473.234009,469,472,464.550079,315972
5/23/2022,477,477,468,473,465.534302,143889
5/24/2022,472,476.234009,466,467,459.628998,795254
5/25/2022,473.5,474,466,474,466.518524,752442
5/26/2022,469.5,476.5,469,476.5,468.979065,79142
5/27/2022,477,484.5,473.20401,484,476.360687,63320
5/30/2022,486.5,489,478,483,475.376465,148532
5/31/2022,488,488,478.200012,487.5,479.80542,232788
6/1/2022,478,490,478,483.5,475.868561,67607
6/6/2022,487.5,490,480.5,481.5,473.900146,63972
6/7/2022,483.5,489.5,479.5,482,474.392242,39556
6/8/2022,483,492,483,487,479.313324,207915
6/9/2022,487,493.5,484.785004,490,482.265961,68309
6/10/2022,490,495,486.049988,489,481.281769,311432
6/13/2022,483,484.5,475.640015,480,472.423798,583446
6/14/2022,487.5,490.5,478.5,490.5,482.7581,308118
6/15/2022,481,491.378998,479,480,472.423798,285958
6/16/2022,490,490,475,479,471.439606,345864
6/17/2022,475,479,465.5,470.5,463.073761,200836
6/20/2022,478,478,465.5,473,465.534302,99462
6/21/2022,473,476.5,466.350006,469,461.597443,45749
6/22/2022,465,477.5,464.5,467.5,460.121094,133981
6/23/2022,465.5,471.5,465.5,467,459.628998,48943
6/24/2022,471,478,469.5,469.5,462.089539,76286
6/27/2022,470,483.5,470,479,471.439606,142577
6/28/2022,480,483.5,474.5,480,472.423798,100192
6/29/2022,475.5,485.5,475.5,481.5,473.900146,70524
6/30/2022,477,481,473.5,475.5,467.994843,107549
7/1/2022,471,480,470,480,472.423798,104288
7/4/2022,474.5,483,474,480,472.423798,41454
7/5/2022,477,482,477,480,472.423798,117196
7/6/2022,478,482.5,473,477.5,469.963257,192558
7/7/2022,473.5,483.5,470,481,473.40802,146739
7/8/2022,475,482,475,477,469.471161,68117
7/11/2022,470.5,480,470,470,462.581635,55519
7/12/2022,473.5,481,473.5,481,473.40802,57246
7/13/2022,479,484,478,478,470.455383,106328
7/14/2022,479,487,477.790009,480.5,472.915924,90784
7/15/2022,482,491,477.5,491,483.250183,86889
7/18/2022,489.5,493.5,482,486.5,478.821228,43140
7/19/2022,484.5,491.201996,481.5,484,476.360687,88350
7/20/2022,485.5,491.433014,482,483,475.376465,88081
7/21/2022,480,505,480,503,495.060791,131612
7/22/2022,494,521,493.376007,517,508.839813,208802
7/25/2022,520,520.929993,505.70401,507,498.99765,117175
7/26/2022,503,507,490,493.5,485.710724,317582
7/27/2022,490.5,500,482.634003,490,482.265961,279752
7/28/2022,493.5,495,481.5,495,487.187042,143906
7/29/2022,494.5,504,484.237,504,496.045013,103598
8/1/2022,504,505.117004,496.5,498.5,490.631805,63164
8/2/2022,498.5,505.227997,495,500,492.108124,98899
8/3/2022,505,505,500,503,495.060791,204603
8/4/2022,507,507,500,502,494.076569,125164
8/5/2022,504,507,494,502,494.076569,88216
8/8/2022,503,508,494.5,501,493.092346,102215
8/9/2022,500,502,494.5,494.5,486.694946,51438
8/10/2022,499,507,495.5,504,496.045013,73543
8/11/2022,508,508,500,501,493.092346,55826
8/12/2022,508,508,496.5,498,490.139709,115116
8/15/2022,497.5,505,495,498,490.139709,76684
8/16/2022,495,506.25,495,505,497.029205,91671
8/17/2022,508,508,490.5,490.5,482.758087,117743
8/18/2022,491,503,491,501,493.092346,291444
8/19/2022,504,504,493,494,486.20285,59400
8/22/2022,494,503,493.5,495,487.187042,404521
8/23/2022,495,504,492,493,485.218628,324264
8/24/2022,494,504,491,496,488.171265,102015
8/25/2022,493.5,503,493.5,494,486.20285,40517
8/26/2022,492,504,492,497.5,489.647583,86293
8/30/2022,494,510,494,510,501.950287,152978
8/31/2022,498.5,507.356995,492,507,498.99765,84180
9/1/2022,500,510,500,501,493.092346,149592
9/2/2022,510,510,496,498.5,490.631805,315836
9/5/2022,498,508,498,501,493.092346,140015
9/6/2022,509,509,496,497,489.155487,115864
9/7/2022,501,505,496,503,495.060791,337956
9/8/2022,506,510,499,499,491.123932,205806
9/9/2022,502,512,498,508,499.981873,170825
9/12/2022,504.572998,510,497,497,489.155487,129574
9/13/2022,499,509,489,495.5,487.679169,217261
9/14/2022,487,498,485.5,490,482.265961,121449
9/15/2022,497.5,499,489.056,491.5,483.74231,154152
9/16/2022,491.5,510,491.5,495,487.187042,766796
9/20/2022,497,505,476,490,482.265961,104219
9/21/2022,491,503,491,501,493.092346,152848
9/22/2022,493,500,492,495,487.187042,55986
9/23/2022,503,503,492,498,490.139709,92780
9/26/2022,504,504,486,486,478.329102,178840
9/27/2022,487,499,487,487.5,479.80542,245016
9/28/2022,489.5,497,482,484,476.360687,432911
9/29/2022,479.5,483.933014,474,474.5,467.01062,548757
9/30/2022,474,474.5,457.5,472,464.550079,457478
10/3/2022,467,467,450.5,464,456.676361,338648
10/4/2022,461.5,463.5,454.5,463,455.692139,138271
10/5/2022,458,465.200012,454.653015,460,452.739471,81718
10/6/2022,453.5,460.5,452,456,448.802612,85011
10/7/2022,450,460,443.839996,460,452.739471,183830
10/10/2022,458.5,461.5,449.5,458.5,451.263153,147193
10/11/2022,456,456,440.25,441,434.039368,232581
10/12/2022,446,449,442.39801,444,436.992035,295628
10/13/2022,443,454.5,433,443.5,436.499908,168224
10/14/2022,445,452,445,450,442.897308,180016
10/17/2022,450,454,438,448.5,441.42099,283612
10/18/2022,452.5,454,440.5,447.5,440.436768,325101
10/19/2022,449,449,441.5,441.5,434.531494,164306
10/20/2022,443,449.5,442,445.5,438.468353,265857
10/21/2022,440,441,432,432.5,425.673523,237302
10/24/2022,427.5,431,416,422.5,415.83139,192801
10/25/2022,427,434.5,425.100006,426.5,419.76825,91419
10/26/2022,420.5,429.875,420,420,413.37085,174485
10/27/2022,425.5,427,421.994995,426,419.276123,118150
10/28/2022,428,428,424,426,419.276123,70856
10/31/2022,427,430,418.5,429.5,422.720886,90715
11/1/2022,426,428,424.5,427.5,420.752441,590528
11/2/2022,433,433,425,425,418.291931,79193
11/3/2022,428,431.5,422.627991,426,426,461021
11/4/2022,424,427.5,414.5,414.5,414.5,1308341
11/7/2022,412,417.5,404,404,404,388980
11/8/2022,404,412,400,408,408,1347375
11/9/2022,407,409.5,400,404,404,677722
11/10/2022,402,402,393,400.5,400.5,1431443
11/11/2022,401,406,393.579987,405,405,576875
11/14/2022,400,404.166992,393.299988,397,397,935035
11/15/2022,395,395,388.812012,392,392,772132
11/16/2022,399,399,390.429993,396,396,744192
11/17/2022,403,409.005005,398,403.5,403.5,197383
11/18/2022,402.5,410,402.5,406,406,170711
11/21/2022,410,415,407,414,414,263340
11/22/2022,406,413,405,408.5,408.5,225037
11/23/2022,403,409,402,406,406,831919
11/24/2022,402,408.5,402,403,403,84424
11/25/2022,404,411,403.369995,410,410,164437
11/28/2022,414,423.5,412,422,422,171262
11/29/2022,422,435.5,421.700012,429,429,188889
11/30/2022,428,440,428,432,432,177626
12/1/2022,433,439.5,430.5,439.5,439.5,193361
12/2/2022,448.5,449.182007,439,442,442,127919
12/5/2022,448.5,461,448.25,459,459,317052
12/6/2022,450,458.910004,445.5,448,448,438069
12/7/2022,448,457.700012,445.5,449,449,305242
12/8/2022,450.5,458.149994,450.5,455,455,171947
12/9/2022,453,459.5,453,456,456,226332
12/12/2022,455,455.5,445.5,452,452,318630
12/13/2022,457.5,459.5,449.016998,459.5,459.5,245793
12/14/2022,459.5,459.5,451.5,451.5,451.5,128836
12/15/2022,448,459.14801,442.605988,446,446,97713
12/16/2022,454,454,440.5,447.5,447.5,305503
12/19/2022,440.5,453.5,440.5,453,453,85134
12/20/2022,444,449.199005,440.5,445.5,445.5,138762
12/21/2022,447,449.100006,439,447,447,72313
12/22/2022,449.5,449.5,439.5,443,443,160460
12/23/2022,446,449.358002,443,443,443,17478
